ID,Feature Name,Description,Objective,Examples,Impact,MoSCoW,RICE Reach,RICE Impact,RICE Confidence,RICE Effort,RICE Score,RICE Justification,Kano Type,Kano Justification
1,Stability and Performance Optimization,"Users experience app crashes, slow performance, and instability during peak usage and with large files.",Enhancing stability and performance will reduce user frustration and improve retention.,,high,Must,9,9,8,6,108,"Critical for user retention and satisfaction, affects all users, high confidence in need.",must-have,"Users expect basic reliability and stability, especially during peak usage."
2,Enhanced Export Functionality,"Users request support for exporting in various formats like PDF, Excel, CSV, XML, and JSON.",Offering versatile export options increases product utility and user satisfaction.,,moderate,Could,6,6,8,5,38.4,"Moderate impact, but high demand for varied export options.",performance,"Users desire more formats, indicating a linear satisfaction with increased options."
3,Improved Search Functionality,"Users desire faster, more relevant search results accessible on mobile devices.",Efficient search improves user productivity and engagement.,,high,Must,8,8,8,5,102.4,"High demand for faster, more relevant search results, especially on mobile.",must-have,Users expect fast and relevant search results as a standard feature.
4,Advanced Customization Options,"Users request custom fields, roles, permissions, notifications, and dashboards.","Customization enhances user control and satisfaction, catering to diverse business needs.",,high,Should,6,8,7,8,42,"High impact for power users, but complex to implement.",performance,"Users want more customization, indicating satisfaction increases with more options."
5,Enhanced Security Features,"Users demand Two-Factor Authentication, SAML SSO, and multi-factor authentication.",Strengthening security builds trust and meets compliance requirements.,,high,Must,7,9,8,6,84,"Security is a top priority for users, high impact on trust and retention.",must-have,Users demand these features for basic security expectations.
6,Notification System Improvements,"Users face issues with excessive, delayed, or missing notifications.",Reliable notifications ensure timely communication and user engagement.,,moderate,Could,6,6,7,6,35,"Moderate impact, improves user experience with notifications.",must-have,Users expect reliable and timely notifications as a standard feature.
7,Expanded Integration Capabilities,"Users request integration with Google Drive, Zapier, Trello, webhooks, and custom domains.",Broadening integrations enhances product ecosystem and user workflow efficiency.,,high,Must,7,8,7,6,65.33,"High demand for integrations, improves user workflow and satisfaction.",performance,"Users desire more integrations, indicating satisfaction increases with more options."
8,User Interface and Accessibility Enhancements,"Users need dark mode, larger fonts, mobile responsiveness, and screen reader compatibility.",Improving UI and accessibility broadens user base and satisfaction.,,high,Must,8,7,7,7,56,"Important for user satisfaction and accessibility, moderate effort required.",excitement,Features like dark mode and screen reader compatibility delight users unexpectedly.
9,User Management Improvements,"Users experience issues with password resets, email changes, and team invitations.",Streamlining user management reduces support costs and enhances user experience.,,moderate,Won't,5,6,7,7,30,"Important for user experience, but limited reach.",must-have,Users expect basic functionality for managing user accounts.
10,Advanced Reporting and Analytics,Users request custom reports and usage statistics.,Enhanced analytics provide insights for decision-making and demonstrate product value.,,high,Should,5,8,7,7,40,"Valuable for data-driven users, moderate reach.",performance,"Users want more detailed reports, indicating satisfaction increases with more options."
11,Improved Onboarding and Documentation,Users request tutorials with videos or GIFs.,Effective onboarding reduces churn and accelerates user adoption.,,moderate,Could,5,5,8,5,32,"Helps new users, moderate impact on retention.",performance,"Users desire more comprehensive tutorials, indicating satisfaction increases with better resources."
12,Enhanced Task and Project Management Features,"Users desire recurring tasks, reminders, timeline views, and calendar views.",Advanced management features increase productivity and user satisfaction.,,high,Must,7,8,7,8,49,"High impact on productivity, but requires significant effort.",performance,"Users want more features, indicating satisfaction increases with more options."
13,Reliability and Performance for Large Teams,Users express dissatisfaction with app reliability and performance for large teams and projects.,Ensuring reliability for large teams supports scalability and enterprise adoption.,,high,Must,6,8,7,7,48,"Essential for large teams, high impact on retention.",must-have,Users expect reliability and performance for large teams as a basic requirement.
14,Improved Data Management Capabilities,"Users request project duplication, data import, and approval workflows.",Enhanced data management streamlines operations and increases efficiency.,,moderate,Could,5,6,7,6,35,"Moderate impact, useful for data-heavy users.",performance,"Users desire more data management options, indicating satisfaction increases with more features."
15,User Satisfaction with Recent Updates,"Users express satisfaction with new interface design, project templates, and notification center.",Positive feedback validates recent improvements and guides future updates.,,low,Won't,4,4,8,5,25.6,"Positive feedback on recent updates, but low impact on new features.",excitement,"Users express unexpected delight with new updates, indicating high satisfaction."
16,Comprehensive User and Project Views,"Users request comprehensive lists of users, tasks, projects, and integrations.",Providing detailed views enhances management capabilities and user control.,,moderate,Could,5,5,7,6,29.17,"Useful for project managers, but moderate impact.",performance,"Users desire more comprehensive views, indicating satisfaction increases with more detailed information."
