Title,User Story,Story Points,Description,Acceptance Criteria,BDD Tests,Dependencies,Value,Priority,Epic,Original Description,Impact,MoSCoW,RICE Score,RICE Effort,Kano Type,Kano Score
Stability and Performance Optimization,"As a user, I want the app to be stable and perform efficiently, so that I can use it without experiencing crashes or slowdowns, especially during peak usage and when handling large files.",21,"Users have reported frequent app crashes and slow performance, particularly during peak usage times and when working with large files. This affects user satisfaction and productivity, making it crucial to optimize the app's stability and performance.",- The app should not crash during peak usage times.,"- Given the app is under peak usage, when a user opens a large file, then the app should not crash.",None,10,Must,Performance Optimization,,,,,,,
Enhanced Export Functionality,"As a user, I want to export data in various formats like PDF, Excel, CSV, XML, and JSON, so that I can use the data in different applications and share it easily.",8,Users need the flexibility to export data in multiple formats to facilitate data sharing and integration with other applications. This feature will enhance the app's usability and appeal to a broader audience.,"- Users can export data in PDF, Excel, CSV, XML, and JSON formats.","- Given a dataset, when a user selects the export option, then they should see options for PDF, Excel, CSV, XML, and JSON.",None,6,Could,Data Management,,,,,,,
Improved Search Functionality,"As a user, I want faster, more relevant search results accessible on mobile devices, so that I can quickly find the information I need.",13,"Users have expressed the need for a more efficient search function that delivers relevant results quickly, especially on mobile devices. This enhancement will improve user satisfaction and productivity.",- Search results should appear within 2 seconds.,"- Given a search query, when a user searches, then results should appear within 2 seconds.",None,9,Must,User Experience Enhancement,,,,,,,
Advanced Customization Options,"As a user, I want to customize fields, roles, permissions, notifications, and dashboards, so that I can tailor the app to my specific needs and workflows.",13,Users require advanced customization options to better align the app with their specific workflows and preferences. This feature will increase user engagement and satisfaction by providing a personalized experience.,- Users can create and modify custom fields.,"- Given a user, when they access settings, then they should be able to create custom fields.",None,7,Should,User Personalization,,,,,,,
Enhanced Security Features,"As a user, I want Two-Factor Authentication, SAML SSO, and multi-factor authentication, so that my account and data are secure.",21,"Users demand robust security features to protect their accounts and data. Implementing Two-Factor Authentication, SAML SSO, and multi-factor authentication will enhance the app's security and build user trust.",- Users can enable Two-Factor Authentication.,"- Given a user, when they enable Two-Factor Authentication, then they should receive a verification code on their device.",None,10,Must,Security Enhancement,,,,,,,
Notification System Improvements,"As a user, I want a reliable notification system, so that I receive timely and relevant alerts without being overwhelmed.",8,"Users face issues with excessive, delayed, or missing notifications. Improving the notification system will ensure users receive timely and relevant alerts, enhancing their experience and engagement with the app.",- Notifications should be timely and relevant.,"- Given a user, when an event occurs, then they should receive a notification within 1 minute.",None,5,Could,User Engagement,,,,,,,
Expanded Integration Capabilities,"As a user, I want integration with Google Drive, Zapier, Trello, webhooks, and custom domains, so that I can streamline workflows and enhance productivity.",13,"Users request expanded integration capabilities to connect the app with popular tools and services, enabling streamlined workflows and enhanced productivity.","- Users can integrate the app with Google Drive, Zapier, Trello, and webhooks.","- Given a user, when they access integration settings, then they should see options for Google Drive, Zapier, Trello, and webhooks.",None,8,Must,Integration Enhancement,,,,,,,
User Interface and Accessibility Enhancements,"As a user, I want dark mode, larger fonts, mobile responsiveness, and screen reader compatibility, so that I can use the app comfortably and accessibly.",13,"Users need enhancements in the user interface and accessibility to improve comfort and usability, particularly for those with visual impairments or those using mobile devices.",- Users can enable dark mode.,"- Given a user, when they access display settings, then they should be able to enable dark mode.",None,9,Must,Accessibility Enhancement,,,,,,,
User Management Improvements,"As a user, I want seamless password resets, email changes, and team invitations, so that I can manage my account and team efficiently.",5,"Users experience difficulties with managing their accounts and teams, such as password resets, email changes, and team invitations. Improvements in these areas will enhance user satisfaction and efficiency.",- Users can reset passwords easily.,"- Given a user, when they request a password reset, then they should receive a reset link promptly.",None,4,Won't,Account Management,,,,,,,
Advanced Reporting and Analytics,"As a user, I want custom reports and usage statistics, so that I can analyze data and make informed decisions.",8,"Users require advanced reporting and analytics capabilities to generate custom reports and analyze usage statistics, enabling them to make data-driven decisions.",- Users can create custom reports.,"- Given a user, when they access reporting tools, then they should be able to create custom reports.",None,7,Should,Data Analytics,,,,,,,
Improved Onboarding and Documentation,"As a user, I want tutorials with videos or GIFs, so that I can learn how to use the app effectively.",5,Users request enhanced onboarding and documentation with visual aids like videos or GIFs to facilitate learning and improve their experience with the app.,- Users can access tutorials with videos or GIFs.,"- Given a new user, when they start onboarding, then they should see tutorials with videos or GIFs.",None,6,Could,User Education,,,,,,,
Enhanced Task and Project Management Features,"As a user, I want recurring tasks, reminders, timeline views, and calendar views, so that I can manage my tasks and projects efficiently.",13,"Users desire enhanced task and project management features, including recurring tasks, reminders, timeline views, and calendar views, to improve their productivity and project oversight.",- Users can set up recurring tasks.,"- Given a user, when they create a task, then they should be able to set it as recurring.",None,8,Must,Project Management,,,,,,,
Reliability and Performance for Large Teams,"As a user, I want the app to be reliable and perform well for large teams and projects, so that I can collaborate effectively without disruptions.",21,Users express dissatisfaction with the app's reliability and performance when used by large teams or for large projects. Addressing these issues will enhance collaboration and productivity.,- The app should support large teams without performance degradation.,"- Given a large team, when they use the app, then performance should not degrade.",None,9,Must,Performance Optimization,,,,,,,
Improved Data Management Capabilities,"As a user, I want project duplication, data import, and approval workflows, so that I can manage data efficiently and streamline processes.",8,"Users request improved data management capabilities, including project duplication, data import, and approval workflows, to enhance efficiency and streamline their processes.",- Users can duplicate projects easily.,"- Given a user, when they select a project, then they should be able to duplicate it.",None,6,Could,Data Management,,,,,,,
User Satisfaction with Recent Updates,"As a user, I want to express satisfaction with the new interface design, project templates, and notification center, so that I can enjoy an improved user experience.",3,"Users have expressed satisfaction with recent updates, including the new interface design, project templates, and notification center, which have enhanced their overall experience with the app.",- Users should find the new interface intuitive and appealing.,"- Given a user, when they use the new interface, then they should find it intuitive and appealing.",None,5,Won't,User Experience Enhancement,,,,,,,
Comprehensive User and Project Views,"As a user, I want comprehensive lists of users, tasks, projects, and integrations, so that I can easily manage and oversee all aspects of my work.",8,"Users request comprehensive views of users, tasks, projects, and integrations to facilitate management and oversight, improving their ability to track and organize work efficiently.","- Users can view comprehensive lists of users, tasks, projects, and integrations.","- Given a user, when they access user management, then they should see a comprehensive list of users.",None,6,Could,Data Management,,,,,,,
